Title,Description,Priority,Status,Labels,Estimate,Project,Parent issue,Related issues,Due Date,Assignee,Requirements,Acceptance Criteria
"Overview: Calculate Property Match Score","Currently shows hardcoded match score (92). Need to implement calculation based on property data completeness, financial metrics alignment, and market benchmarks.","High","Todo","database,backend,api",5,"f31911f8-fcd3-45a4-86c4-a8afbc6eb186",,,,,,"* Calculate from property data completeness score\n* Include financial metrics alignment\n* Factor in market benchmarks\n* Update in real-time when data changes","* Match score displays correctly\n* Updates automatically when property data changes\n* Score reflects actual data quality"
"Overview: Calculate Property IQ Score","Currently shows hardcoded IQ score (92). Need to implement intelligent scoring algorithm based on data quality, performance metrics, and risk factors.","High","Todo","database,backend,api,ai",5,"f31911f8-fcd3-45a4-86c4-a8afbc6eb186",,,,,,"* Implement scoring algorithm\n* Factor in data quality metrics\n* Include performance indicators\n* Consider risk factors","* IQ score is accurate\n* Algorithm is well-documented\n* Score updates with data changes"
"Overview: Wire Up Financial Metrics","Gross Yield, Cap Rate, Cash-on-Cash, and Debt Coverage are hardcoded. Need to calculate from actual property financial data (income, expenses, loans).","High","Todo","database,backend,api",8,"f31911f8-fcd3-45a4-86c4-a8afbc6eb186",,,,,,"* Calculate from property financial data\n* Include income, expenses, and loans\n* Update calculations in real-time","* All financial metrics display correctly\n* Calculations are accurate\n* Updates when data changes"
"Overview: Implement Property Images","Currently using placeholder Unsplash image. Need to add property image upload, storage, and display functionality.","Medium","Todo","frontend,backend,api",3,"f31911f8-fcd3-45a4-86c4-a8afbc6eb186",,,,,,"* Add image upload functionality\n* Implement storage integration\n* Display images in UI","* Users can upload images\n* Images are stored securely\n* Images display correctly in UI"
"Overview: Real SWOT Analysis","SWOT analysis (strengths, weaknesses, opportunities, threats) is hardcoded. Need to generate from property data, market analysis, and AI insights.","Medium","Todo","database,backend,api,ai",8,"f31911f8-fcd3-45a4-86c4-a8afbc6eb186",,,,,,"* Generate SWOT from property data\n* Include market analysis\n* Integrate AI insights","* SWOT analysis is accurate\n* Updates with property data\n* Includes relevant insights"
"Overview: Operational Alpha Drivers - Cost Segregation","Cost Segregation driver shows hardcoded data. Need to integrate with actual depreciation data and cost seg study results.","High","Todo","database,backend,api",5,"f31911f8-fcd3-45a4-86c4-a8afbc6eb186",,,,,,"* Integrate with depreciation data\n* Include cost seg study results\n* Update calculations","* Cost segregation data is accurate\n* Updates with new data\n* Displays correctly"
"Overview: Operational Alpha Drivers - Insurance Arbitrage","Insurance Arbitrage driver is hardcoded. Need to integrate with actual insurance data and market benchmarks.","Medium","Todo","database,backend,api",5,"f31911f8-fcd3-45a4-86c4-a8afbc6eb186",,,,,,"* Integrate with insurance data\n* Include market benchmarks\n* Calculate arbitrage opportunities","* Insurance data is accurate\n* Benchmarks are current\n* Calculations are correct"
"Overview: Operational Alpha Drivers - Utility RUBS","Utility RUBS driver is hardcoded. Need to integrate with actual utility data and sub-metering status.","Medium","Todo","database,backend,api",5,"f31911f8-fcd3-45a4-86c4-a8afbc6eb186",,,,,,"* Integrate with utility data\n* Track sub-metering status\n* Calculate RUBS allocations","* Utility data is accurate\n* Sub-metering status is tracked\n* RUBS calculations are correct"
"Overview: Market Pulse Analysis - Real Data","Market Pulse section shows hardcoded median rent, vacancy, and sales velocity. Need to integrate with market data API or database.","Medium","Todo","database,backend,api",8,"f31911f8-fcd3-45a4-86c4-a8afbc6eb186",,,,,,"* Integrate with market data API\n* Store market data in database\n* Update metrics in real-time","* Market data is current\n* Metrics are accurate\n* Updates automatically"
"Overview: Market Pulse Heatmap","Market Pulse heatmap is placeholder. Need to implement interactive sub-market heatmap visualization.","Low","Todo","frontend",8,"f31911f8-fcd3-45a4-86c4-a8afbc6eb186",,,,,,"* Implement interactive heatmap\n* Display sub-market data\n* Add hover and click interactions","* Heatmap displays correctly\n* Interactions work smoothly\n* Data is visually clear"
"Overview: AI Stewardship Engine Actions","AI Stewardship Engine buttons (Execute Tax Optimization, Request Pro-Forma Audit) are non-functional. Need to implement action handlers.","Medium","Todo","frontend,backend,api,ai",5,"f31911f8-fcd3-45a4-86c4-a8afbc6eb186",,,,,,"* Implement action handlers\n* Connect buttons to backend\n* Add AI processing logic","* Buttons are functional\n* Actions execute correctly\n* Results are displayed"
"Financials: Financial Pulse Real Data","Financial Pulse component needs to calculate actual metrics from property transactions, loans, and income/expense data.","High","Todo","database,backend,api",8,"f31911f8-fcd3-45a4-86c4-a8afbc6eb186",,,,,,"* Calculate from transactions\n* Include loans and income/expense data\n* Update metrics in real-time","* Metrics are accurate\n* Updates with new data\n* Displays correctly"
"Financials: Liquidity Calculations","Liquidity component needs to calculate actual cash reserves, available credit, and liquidity ratios from bank accounts and transactions.","High","Todo","database,backend,api",5,"f31911f8-fcd3-45a4-86c4-a8afbc6eb186",,,,,,"* Calculate from bank accounts\n* Include transactions\n* Compute liquidity ratios","* Calculations are accurate\n* Updates with new transactions\n* Ratios are correct"
"Financials: Operating Core Integration","Operating Core component needs to display actual operating expenses, income, and NOI from property transactions.","High","Todo","database,backend,api",5,"f31911f8-fcd3-45a4-86c4-a8afbc6eb186",,,,,,"* Display from transactions\n* Calculate NOI\n* Update in real-time","* Data is accurate\n* NOI calculation is correct\n* Updates automatically"
"Financials: Acquisition Intel Data","Acquisition Intel component needs to pull actual acquisition data from property.acquisition table instead of placeholder values.","High","Todo","database,backend,api",3,"f31911f8-fcd3-45a4-86c4-a8afbc6eb186",,,,,,"* Pull from property.acquisition table\n* Replace placeholder values\n* Display all acquisition data","* Data comes from database\n* No placeholder values\n* All fields display correctly"
"Financials: Tax Shield Intel - Real Depreciation Data","Tax Shield Intel currently uses calculated values. Need to integrate with property_depreciation table and show actual depreciation records.","High","Todo","database,backend,api",5,"f31911f8-fcd3-45a4-86c4-a8afbc6eb186",,,,,,"* Integrate with property_depreciation table\n* Display actual depreciation records\n* Update calculations","* Depreciation data is accurate\n* Records display correctly\n* Calculations are correct"
"Financials: Debt Logic - Loan Calculations","Debt Logic component needs to calculate actual debt service, DSCR, and loan metrics from loans table.","High","Todo","database,backend,api",5,"f31911f8-fcd3-45a4-86c4-a8afbc6eb186",,,,,,"* Calculate from loans table\n* Compute debt service and DSCR\n* Display loan metrics","* Calculations are accurate\n* Metrics display correctly\n* Updates with loan changes"
"Financials: Monthly Comparison Chart Data","Monthly Comparison Chart is placeholder. Need to implement chart with actual monthly income/expense data from transactions.","High","Todo","database,backend,api,frontend",8,"f31911f8-fcd3-45a4-86c4-a8afbc6eb186",,,,,,"* Implement chart component\n* Pull monthly transaction data\n* Display income/expense comparison","* Chart displays correctly\n* Data is accurate\n* Updates monthly"
"Financials: Property Transactions Filtering","Property Transactions component needs advanced filtering, sorting, and search functionality for transaction history.","Medium","Todo","frontend,backend",5,"f31911f8-fcd3-45a4-86c4-a8afbc6eb186",,,,,,"* Add filtering functionality\n* Implement sorting\n* Add search capability","* Filters work correctly\n* Sorting is accurate\n* Search finds relevant transactions"
"Financials: React Query Invalidation","Financials page has TODO comment about using react-query invalidation. Need to implement proper query invalidation on data updates.","Medium","Todo","frontend,backend",3,"f31911f8-fcd3-45a4-86c4-a8afbc6eb186",,,,,,"* Implement react-query invalidation\n* Invalidate on data updates\n* Ensure UI updates correctly","* Queries invalidate properly\n* UI updates automatically\n* No stale data displayed"
"Analytics: Performance Trends Chart","Analytics page shows placeholder for Performance Trends chart. Need to implement time-series chart showing property performance over time.","High","Todo","database,backend,api,frontend",8,"f31911f8-fcd3-45a4-86c4-a8afbc6eb186",,,,,,"* Implement time-series chart\n* Pull performance data over time\n* Display trends visually","* Chart displays correctly\n* Data is accurate\n* Trends are clear"
"Analytics: Real Performance Metrics","Analytics page shows hardcoded Total Return, Cash Flow, and Occupancy. Need to calculate from actual property data.","High","Todo","database,backend,api",5,"f31911f8-fcd3-45a4-86c4-a8afbc6eb186",,,,,,"* Calculate from property data\n* Include Total Return, Cash Flow, Occupancy\n* Update in real-time","* Metrics are accurate\n* Calculations are correct\n* Updates automatically"
"Analytics: Historical Performance Analysis","Need to add historical performance analysis showing year-over-year comparisons and trend analysis.","Medium","Todo","database,backend,api,frontend",8,"f31911f8-fcd3-45a4-86c4-a8afbc6eb186",,,,,,"* Add year-over-year comparisons\n* Implement trend analysis\n* Display historical data","* Comparisons are accurate\n* Trends are clear\n* Historical data displays correctly"
"Analytics: Benchmark Comparisons","Need to add benchmark comparisons against market averages and similar properties.","Low","Todo","database,backend,api,frontend",8,"f31911f8-fcd3-45a4-86c4-a8afbc6eb186",,,,,,"* Add market average comparisons\n* Compare with similar properties\n* Display benchmarks","* Benchmarks are accurate\n* Comparisons are relevant\n* Data displays clearly"
"Legal: Legal Climate Radar - Real Data","Legal Climate Radar shows hardcoded jurisdiction and risk level. Need to integrate with actual property location and legal database.","Medium","Todo","database,backend,api",8,"f31911f8-fcd3-45a4-86c4-a8afbc6eb186",,,,,,"* Integrate with legal database\n* Use property location\n* Calculate risk levels","* Jurisdiction is accurate\n* Risk levels are correct\n* Updates with location changes"
"Legal: Zoning Code Lookup","Zoning code (MF-3-NP) is hardcoded. Need to implement zoning code lookup from property address or database.","Medium","Todo","database,backend,api",5,"f31911f8-fcd3-45a4-86c4-a8afbc6eb186",,,,,,"* Implement zoning code lookup\n* Use property address\n* Store in database","* Zoning code is accurate\n* Lookup works correctly\n* Updates with address changes"
"Legal: Rent Regulation Status","Rent regulation status is hardcoded. Need to determine actual rent control status based on property location and local laws.","Medium","Todo","database,backend,api",5,"f31911f8-fcd3-45a4-86c4-a8afbc6eb186",,,,,,"* Determine from property location\n* Check local laws\n* Store status in database","* Status is accurate\n* Updates with location\n* Reflects current laws"
"Legal: Tax Volatility Calculation","Tax volatility is hardcoded. Need to calculate from actual tax assessment history and projections.","Medium","Todo","database,backend,api",5,"f31911f8-fcd3-45a4-86c4-a8afbc6eb186",,,,,,"* Calculate from tax assessment history\n* Include projections\n* Update calculations","* Calculations are accurate\n* History is complete\n* Projections are reasonable"
"Legal: Public Hearing Watch Integration","Public Hearing Watch shows hardcoded events. Need to integrate with local government APIs or calendar feeds for real hearing data.","Low","Todo","backend,api",8,"f31911f8-fcd3-45a4-86c4-a8afbc6eb186",,,,,,"* Integrate with government APIs\n* Parse calendar feeds\n* Store hearing data","* Hearing data is current\n* Updates automatically\n* Displays correctly"
"Legal: Asset Compliance Status - Real Data","Asset Compliance Status shows hardcoded compliance items. Need to track actual compliance status from documents and records.","High","Todo","database,backend,api",8,"f31911f8-fcd3-45a4-86c4-a8afbc6eb186",,,,,,"* Track from documents\n* Store compliance records\n* Update status in real-time","* Compliance status is accurate\n* Updates with new documents\n* All items tracked"
"Legal: Compliance Audit Functionality","Run Compliance Audit button is non-functional. Need to implement audit logic that checks compliance requirements and generates report.","Medium","Todo","backend,api",5,"f31911f8-fcd3-45a4-86c4-a8afbc6eb186",,,,,,"* Implement audit logic\n* Check compliance requirements\n* Generate audit report","* Audit runs correctly\n* Requirements are checked\n* Report is comprehensive"
"Management: Unit Ledger - Real Data","Unit Ledger shows hardcoded unit and tenant data. Need to integrate with actual units/tenants from database or property management system.","High","Todo","database,backend,api",8,"f31911f8-fcd3-45a4-86c4-a8afbc6eb186",,,,,,"* Integrate with units/tenants database\n* Pull from property management system\n* Display real data","* Unit data is accurate\n* Tenant information is current\n* Updates automatically"
"Management: Rent Roll Integration","Rent Roll shows hardcoded rent amounts and payment status. Need to integrate with actual lease and payment data.","High","Todo","database,backend,api,billing",8,"f31911f8-fcd3-45a4-86c4-a8afbc6eb186",,,,,,"* Integrate with lease data\n* Pull payment information\n* Update rent roll in real-time","* Rent amounts are accurate\n* Payment status is current\n* Updates with payments"
"Management: Deploy New Lease Functionality","Deploy New Lease button is non-functional. Need to implement lease creation workflow and form.","High","Todo","frontend,backend,api",8,"f31911f8-fcd3-45a4-86c4-a8afbc6eb186",,,,,,"* Implement lease creation form\n* Add workflow logic\n* Save to database","* Form is functional\n* Workflow is complete\n* Leases are saved correctly"
"Management: Axori Pay Integration","Invite Unit to Axori Pay button is non-functional. Need to implement payment system integration and invitation flow.","Medium","Todo","frontend,backend,api,billing",8,"f31911f8-fcd3-45a4-86c4-a8afbc6eb186",,,,,,"* Implement payment integration\n* Add invitation flow\n* Connect to billing system","* Integration works correctly\n* Invitations are sent\n* Payments are processed"
"Management: Active Tickets - Real Data","Active Tickets shows hardcoded maintenance tickets. Need to integrate with actual maintenance/CRM system or create tickets table.","High","Todo","database,backend,api",8,"f31911f8-fcd3-45a4-86c4-a8afbc6eb186",,,,,,"* Integrate with maintenance system\n* Create tickets table if needed\n* Display real ticket data","* Tickets are accurate\n* Status is current\n* Updates in real-time"
"Management: Dispatch Pro Functionality","Dispatch Pro button in maintenance tickets is non-functional. Need to implement vendor dispatch workflow.","Medium","Todo","backend,api",5,"f31911f8-fcd3-45a4-86c4-a8afbc6eb186",,,,,,"* Implement dispatch workflow\n* Connect to vendor system\n* Track dispatch status","* Dispatch works correctly\n* Vendors are notified\n* Status is tracked"
"Management: Lease Health AI Integration","Lease Health AI shows hardcoded market trend data. Need to implement AI analysis of lease terms and market conditions.","Medium","Todo","backend,api,ai",8,"f31911f8-fcd3-45a4-86c4-a8afbc6eb186",,,,,,"* Implement AI analysis\n* Analyze lease terms\n* Include market conditions","* Analysis is accurate\n* Insights are relevant\n* Updates with market changes"
"Management: Auto-Renew Logic","Enable Auto-Renew Logic button is non-functional. Need to implement automated lease renewal workflow.","Medium","Todo","backend,api",8,"f31911f8-fcd3-45a4-86c4-a8afbc6eb186",,,,,,"* Implement renewal workflow\n* Add automation logic\n* Send notifications","* Renewals are automated\n* Notifications are sent\n* Workflow is complete"
"Management: PM Performance Audit","PM Performance Audit button is non-functional. Need to implement performance metrics calculation and audit report generation.","Medium","Todo","backend,api",5,"f31911f8-fcd3-45a4-86c4-a8afbc6eb186",,,,,,"* Calculate performance metrics\n* Generate audit report\n* Display results","* Metrics are accurate\n* Report is comprehensive\n* Results display correctly"
"Management: Statement Reconciliation - Real Data","Statement Reconciliation shows hardcoded PM statements. Need to integrate with actual PM statement data and reconciliation logic.","High","Todo","database,backend,api",8,"f31911f8-fcd3-45a4-86c4-a8afbc6eb186",,,,,,"* Integrate with PM statement data\n* Implement reconciliation logic\n* Display reconciled statements","* Statements are accurate\n* Reconciliation works correctly\n* Discrepancies are identified"
"Management: AppFolio API Integration","AppFolio API Connected badge is hardcoded. Need to implement actual AppFolio API integration for data sync.","High","Todo","backend,api",13,"f31911f8-fcd3-45a4-86c4-a8afbc6eb186",,,,,,"* Implement AppFolio API integration\n* Sync data from AppFolio\n* Display connection status","* Integration is functional\n* Data syncs correctly\n* Status is accurate"
"Management: Communication Proxy Shield","Communication Proxy Shield shows hardcoded status. Need to implement email interception and logging system.","Low","Todo","backend,api",13,"f31911f8-fcd3-45a4-86c4-a8afbc6eb186",,,,,,"* Implement email interception\n* Add logging system\n* Display proxy status","* Emails are intercepted\n* Logs are maintained\n* Status is accurate"
"Settings: Asset Configuration Form Handling","Asset Configuration form inputs are not connected to API. Need to implement form state management and save functionality.","High","Todo","frontend,backend,api",5,"f31911f8-fcd3-45a4-86c4-a8afbc6eb186",,,,,,"* Connect form to API\n* Implement state management\n* Add save functionality","* Form saves correctly\n* State is managed properly\n* API calls work"
"Settings: Acquisition Metadata Updates","Acquisition Metadata form needs to save to property.acquisition table via API endpoint.","High","Todo","backend,api",5,"f31911f8-fcd3-45a4-86c4-a8afbc6eb186",,,,,,"* Create API endpoint\n* Save to property.acquisition table\n* Update form handling","* Data saves correctly\n* API endpoint works\n* Updates are persisted"
"Settings: Asset DNA Calibration Logic","Asset DNA Calibration (Yield Maximization, Equity Growth, Capital Recirculation) selection needs to update property strategy and recalculate projections.","High","Todo","backend,api",8,"f31911f8-fcd3-45a4-86c4-a8afbc6eb186",,,,,,"* Update property strategy\n* Recalculate projections\n* Save calibration settings","* Strategy updates correctly\n* Projections are recalculated\n* Settings are saved"
"Settings: Stakeholder Matrix - Real Data","Stakeholder Matrix shows hardcoded collaborators. Need to integrate with actual user/collaborator management system.","Medium","Todo","database,backend,api,user",8,"f31911f8-fcd3-45a4-86c4-a8afbc6eb186",,,,,,"* Integrate with user management\n* Display real collaborators\n* Update matrix in real-time","* Collaborators are accurate\n* Matrix updates correctly\n* User data is current"
"Settings: Invite Collaborator Functionality","Invite Collaborator button is non-functional. Need to implement collaborator invitation workflow with email notifications.","Medium","Todo","backend,api,user",5,"f31911f8-fcd3-45a4-86c4-a8afbc6eb186",,,,,,"* Implement invitation workflow\n* Send email notifications\n* Track invitation status","* Invitations are sent\n* Emails are delivered\n* Status is tracked"
"Settings: Notification Engine - Real Toggles","Notification Engine toggles need to save preferences to user settings and trigger actual notification logic.","Medium","Todo","frontend,backend,api,user",5,"f31911f8-fcd3-45a4-86c4-a8afbc6eb186",,,,,,"* Save to user settings\n* Implement notification logic\n* Update toggles in real-time","* Preferences are saved\n* Notifications are triggered\n* Toggles work correctly"
"Settings: Calculation Presumptions Updates","Calculation Presumptions inputs need to save to property settings and update financial calculations.","Medium","Todo","backend,api",5,"f31911f8-fcd3-45a4-86c4-a8afbc6eb186",,,,,,"* Save to property settings\n* Update calculations\n* Persist changes","* Settings are saved\n* Calculations update\n* Changes are persisted"
"Settings: Cloud Connect - Real Integration Status","Cloud Connect shows hardcoded AppFolio status. Need to check actual integration status and display connection health.","Medium","Todo","backend,api",3,"f31911f8-fcd3-45a4-86c4-a8afbc6eb186",,,,,,"* Check integration status\n* Display connection health\n* Update status in real-time","* Status is accurate\n* Health is displayed\n* Updates automatically"
"Settings: Rotate Intelligence Keys","Rotate Intelligence Keys button is non-functional. Need to implement API key rotation functionality.","Low","Todo","backend,api,auth",5,"f31911f8-fcd3-45a4-86c4-a8afbc6eb186",,,,,,"* Implement key rotation\n* Add security checks\n* Update key storage","* Keys are rotated correctly\n* Security is maintained\n* Storage is updated"
"Settings: Download Asset JSON","Download Asset JSON button is non-functional. Need to implement property data export functionality.","Low","Todo","backend,api",3,"f31911f8-fcd3-45a4-86c4-a8afbc6eb186",,,,,,"* Implement export functionality\n* Generate JSON file\n* Trigger download","* Export works correctly\n* JSON is valid\n* Download is triggered"
"Settings: Archive Asset Functionality","Archive Asset button in Danger Zone is non-functional. Need to implement property archival workflow.","Medium","Todo","backend,api",5,"f31911f8-fcd3-45a4-86c4-a8afbc6eb186",,,,,,"* Implement archival workflow\n* Add confirmation dialog\n* Update property status","* Archive works correctly\n* Confirmation is shown\n* Status is updated"
"Settings: Purge Fiscal Logs Functionality","Purge Fiscal Logs button is non-functional. Need to implement data deletion workflow with proper confirmation and audit trail.","High","Todo","backend,api",5,"f31911f8-fcd3-45a4-86c4-a8afbc6eb186",,,,,,"* Implement deletion workflow\n* Add confirmation\n* Create audit trail","* Deletion works correctly\n* Confirmation is required\n* Audit trail is created"
"Settings: Self-Destruct Functionality","Self-Destruct button is non-functional. Need to implement complete property deletion with proper safeguards and confirmation.","High","Todo","backend,api",5,"f31911f8-fcd3-45a4-86c4-a8afbc6eb186",,,,,,"* Implement deletion workflow\n* Add safeguards\n* Require confirmation","* Deletion works correctly\n* Safeguards are in place\n* Confirmation is required"
"Strategy: Strategy DNA Alignment - Real Calculation","Strategy DNA Alignment shows hardcoded 98% alignment. Need to calculate actual alignment based on property performance vs strategy goals.","High","Todo","database,backend,api",8,"f31911f8-fcd3-45a4-86c4-a8afbc6eb186",,,,,,"* Calculate from performance data\n* Compare with strategy goals\n* Update alignment score","* Calculation is accurate\n* Alignment score is correct\n* Updates with performance"
"Strategy: AI Strategy Recommendations","AI strategy quote is hardcoded. Need to implement AI analysis that generates personalized strategy recommendations.","Medium","Todo","backend,api,ai",13,"f31911f8-fcd3-45a4-86c4-a8afbc6eb186",,,,,,"* Implement AI analysis\n* Generate recommendations\n* Personalize for property","* Recommendations are relevant\n* Analysis is accurate\n* Personalization works"
"Strategy: Exit Strategy Lab - Real Scenarios","Exit Strategy Lab shows hardcoded exit paths. Need to calculate actual exit scenarios based on property equity, market conditions, and financial projections.","High","Todo","database,backend,api",8,"f31911f8-fcd3-45a4-86c4-a8afbc6eb186",,,,,,"* Calculate from equity data\n* Factor in market conditions\n* Include financial projections","* Scenarios are accurate\n* Calculations are correct\n* Market conditions are factored"
"Strategy: Scenario Modeler","Run Full Scenario Modeler button is non-functional. Need to implement scenario modeling tool for what-if analysis.","Medium","Todo","backend,api,frontend",13,"f31911f8-fcd3-45a4-86c4-a8afbc6eb186",,,,,,"* Implement scenario modeling\n* Add what-if analysis\n* Display results","* Modeler works correctly\n* Analysis is accurate\n* Results are clear"
"Strategy: Sensitivity Analysis - Real Calculations","Sensitivity Analysis shows hardcoded values. Need to calculate actual sensitivity metrics based on property financial model.","High","Todo","database,backend,api",8,"f31911f8-fcd3-45a4-86c4-a8afbc6eb186",,,,,,"* Calculate from financial model\n* Compute sensitivity metrics\n* Update calculations","* Metrics are accurate\n* Calculations are correct\n* Updates with model changes"
"Communications: Email Forwarding Setup","Inbox Intelligence shows property email address but forwarding is not configured. Need to implement email forwarding service integration.","High","Todo","backend,api",13,"f31911f8-fcd3-45a4-86c4-a8afbc6eb186",,,,,,"* Implement email forwarding\n* Configure service integration\n* Set up forwarding rules","* Forwarding works correctly\n* Integration is functional\n* Rules are applied"
"Communications: PDF OCR Processing","PDF OCR Processing status shows Idle. Need to implement OCR processing pipeline for forwarded documents.","Medium","Todo","backend,api",13,"f31911f8-fcd3-45a4-86c4-a8afbc6eb186",,,,,,"* Implement OCR pipeline\n* Process forwarded documents\n* Extract text from PDFs","* OCR works correctly\n* Documents are processed\n* Text is extracted accurately"
"Communications: Intent Analysis System","Intent Analysis shows Active but is placeholder. Need to implement AI intent analysis for incoming communications.","Medium","Todo","backend,api,ai",13,"f31911f8-fcd3-45a4-86c4-a8afbc6eb186",,,,,,"* Implement AI intent analysis\n* Analyze incoming communications\n* Classify intents","* Analysis is accurate\n* Intents are classified\n* Communications are processed"
"Communications: Auto-Tasking System","Auto-Tasking shows Active but is placeholder. Need to implement automatic task creation from analyzed communications.","High","Todo","backend,api,ai",13,"f31911f8-fcd3-45a4-86c4-a8afbc6eb186",,,,,,"* Implement auto-tasking\n* Create tasks from communications\n* Link to analyzed intents","* Tasks are created automatically\n* Linked to communications\n* Workflow is complete"
"Communications: System Generated Tasks - Real Data","System Generated Tasks shows hardcoded tasks. Need to display actual tasks created from communications.","High","Todo","database,backend,api,frontend",5,"f31911f8-fcd3-45a4-86c4-a8afbc6eb186",,,,,,"* Display tasks from database\n* Show system-generated tasks\n* Update in real-time","* Tasks are accurate\n* Display is current\n* Updates automatically"
"Communications: Add Manual Task Functionality","Add Manual Task button is non-functional. Need to implement task creation form and workflow.","Medium","Todo","frontend,backend,api",5,"f31911f8-fcd3-45a4-86c4-a8afbc6eb186",,,,,,"* Implement task creation form\n* Add workflow logic\n* Save to database","* Form is functional\n* Workflow is complete\n* Tasks are saved"
"Communications: Task Management","Task checkboxes and edit buttons are non-functional. Need to implement task completion and editing functionality.","Medium","Todo","frontend,backend,api",5,"f31911f8-fcd3-45a4-86c4-a8afbc6eb186",,,,,,"* Implement task completion\n* Add editing functionality\n* Update task status","* Completion works correctly\n* Editing is functional\n* Status updates properly"
"Communications: Communication History - Real Data","Communication History shows hardcoded messages. Need to display actual communication history from email/communication logs.","High","Todo","database,backend,api,frontend",5,"f31911f8-fcd3-45a4-86c4-a8afbc6eb186",,,,,,"* Display from communication logs\n* Show email history\n* Update in real-time","* History is accurate\n* Messages are current\n* Updates automatically"
"Documents: Document Upload Functionality","Upload Files button is non-functional. Need to implement file upload with drag-and-drop, progress tracking, and storage integration.","High","Todo","frontend,backend,api",8,"f31911f8-fcd3-45a4-86c4-a8afbc6eb186",,,,,,"* Implement file upload\n* Add drag-and-drop\n* Integrate with storage","* Upload works correctly\n* Drag-and-drop is functional\n* Files are stored"
"Documents: Document Storage Integration","Documents are hardcoded. Need to integrate with document storage service (S3, Supabase Storage, etc.) and display actual documents.","High","Todo","backend,api",8,"f31911f8-fcd3-45a4-86c4-a8afbc6eb186",,,,,,"* Integrate with storage service\n* Display actual documents\n* Handle file retrieval","* Storage integration works\n* Documents display correctly\n* Retrieval is functional"
"Documents: AI Document Intelligence - Real OCR","AI Document Intelligence shows hardcoded documents with confidence scores. Need to implement actual OCR and document classification.","High","Todo","backend,api,ai",13,"f31911f8-fcd3-45a4-86c4-a8afbc6eb186",,,,,,"* Implement OCR processing\n* Classify documents\n* Calculate confidence scores","* OCR works correctly\n* Classification is accurate\n* Scores are meaningful"
"Documents: Document Search Functionality","Document search input is non-functional. Need to implement search across document metadata and extracted text.","Medium","Todo","frontend,backend,api",5,"f31911f8-fcd3-45a4-86c4-a8afbc6eb186",,,,,,"* Implement search functionality\n* Search metadata and text\n* Display results","* Search works correctly\n* Results are relevant\n* Performance is good"
"Documents: Document Categories","Vault Folders show hardcoded counts. Need to organize documents by actual categories and show real counts.","Medium","Todo","database,backend,api,frontend",3,"f31911f8-fcd3-45a4-86c4-a8afbc6eb186",,,,,,"* Organize by categories\n* Calculate real counts\n* Display in folders","* Categories are accurate\n* Counts are correct\n* Folders display properly"
"Documents: Document Download","Download button is non-functional. Need to implement document download functionality with proper access control.","Medium","Todo","backend,api",3,"f31911f8-fcd3-45a4-86c4-a8afbc6eb186",,,,,,"* Implement download functionality\n* Add access control\n* Trigger file download","* Download works correctly\n* Access is controlled\n* Files are retrieved"
"Documents: AppFolio Document Sync","AppFolio Connected status is hardcoded. Need to implement actual AppFolio document sync if integration exists.","Medium","Todo","backend,api",8,"f31911f8-fcd3-45a4-86c4-a8afbc6eb186",,,,,,"* Implement document sync\n* Connect to AppFolio\n* Update sync status","* Sync works correctly\n* Documents are synced\n* Status is accurate"
"Documents: Document Metadata Extraction","Need to extract and store document metadata (dates, amounts, parties) from OCR results for financial documents.","High","Todo","backend,api,ai",8,"f31911f8-fcd3-45a4-86c4-a8afbc6eb186",,,,,,"* Extract metadata from OCR\n* Store dates, amounts, parties\n* Link to financial documents","* Metadata is extracted\n* Data is stored correctly\n* Links are accurate"
"Shared: Property Details Header - Real Property Data","Property Details Header may need updates to display actual property data instead of loading states. Verify all data is properly wired.","Medium","Todo","frontend,backend",3,"f31911f8-fcd3-45a4-86c4-a8afbc6eb186",,,,,,"* Verify data wiring\n* Display actual property data\n* Remove loading states where appropriate","* Data displays correctly\n* No unnecessary loading states\n* All fields are wired"
"Shared: Error Handling","All property detail pages need consistent error handling for API failures, network errors, and data validation errors.","High","Todo","frontend,backend",5,"f31911f8-fcd3-45a4-86c4-a8afbc6eb186",,,,,,"* Implement consistent error handling\n* Handle API failures\n* Validate data","* Errors are handled gracefully\n* Users see helpful messages\n* Validation works correctly"
"Shared: Loading States","Some pages may need improved loading states. Verify AsyncLoader is used consistently and provides good UX.","Medium","Todo","frontend",3,"f31911f8-fcd3-45a4-86c4-a8afbc6eb186",,,,,,"* Verify AsyncLoader usage\n* Improve loading states\n* Ensure good UX","* Loading states are consistent\n* UX is good\n* AsyncLoader is used properly"
"Shared: Responsive Design Audit","Audit all property detail pages for mobile responsiveness and ensure proper breakpoints for all screen sizes.","Medium","Todo","frontend",5,"f31911f8-fcd3-45a4-86c4-a8afbc6eb186",,,,,,"* Audit mobile responsiveness\n* Check breakpoints\n* Fix layout issues","* Pages are responsive\n* Breakpoints are correct\n* Layout works on all screens"
"Shared: Dark Mode Testing","Test all property detail pages in dark mode and ensure proper contrast and readability for all components.","Medium","Todo","frontend",3,"f31911f8-fcd3-45a4-86c4-a8afbc6eb186",,,,,,"* Test dark mode\n* Check contrast\n* Ensure readability","* Dark mode works correctly\n* Contrast is adequate\n* Text is readable"
"Shared: Accessibility Audit","Audit all property detail pages for accessibility (ARIA labels, keyboard navigation, screen reader support).","Medium","Todo","frontend",5,"f31911f8-fcd3-45a4-86c4-a8afbc6eb186",,,,,,"* Audit accessibility\n* Add ARIA labels\n* Test keyboard navigation","* Accessibility is good\n* ARIA labels are present\n* Keyboard navigation works"
